pair,method,n,coverage,fixes,regressions,net,net_pp,changed_precision,ci_low_pp,ci_high_pp
Qwen-1.5B,gold_fscr,1302,0.11136712749615975,20,0,20,1.5360983102918586,1.0,0.9216589861751152,2.227342549923195
Qwen-1.5B,source_surface_fscr,1302,0.13517665130568357,11,2,9,0.6912442396313364,0.8461538461538461,0.15360983102918588,1.30568356374808
Qwen-1.5B,predicted_fscr,1302,0.25499231950844853,24,6,18,1.3824884792626728,0.8,0.5376344086021505,2.227342549923195
Qwen-1.5B,gold_lower_leak,1302,0.41244239631336405,40,9,31,2.380952380952381,0.8163265306122449,1.3824884792626728,3.456221198156682
Qwen-1.5B,gold_distill_high_only,1302,0.705837173579109,33,25,8,0.6144393241167435,0.5689655172413793,-0.5376344086021505,1.6897081413210446
Qwen-1.5B,gold_margin_only,1302,0.21351766513056836,31,2,29,2.227342549923195,0.9393939393939394,1.3824884792626728,3.1490015360983103
Qwen-1.5B,random_same_gold_coverage,1302,0.11136712749615975,6,8,-2,-0.15360983102918588,0.42857142857142855,-0.7680491551459293,0.4608294930875576
Qwen-7B,gold_fscr,1302,0.1251920122887865,80,1,79,6.067588325652841,0.9876543209876543,4.761904761904762,7.373271889400922
Qwen-7B,source_surface_fscr,1302,0.10138248847926268,53,0,53,4.070660522273426,1.0,2.9953917050691246,5.22273425499232
Qwen-7B,predicted_fscr,1302,0.23886328725038403,83,12,71,5.453149001536098,0.8736842105263158,4.147465437788019,6.835637480798771
Qwen-7B,gold_lower_leak,1302,0.38095238095238093,121,11,110,8.448540706605224,0.9166666666666666,6.912442396313364,10.061443932411674
Qwen-7B,gold_distill_high_only,1302,0.6075268817204301,111,35,76,5.837173579109063,0.7602739726027398,4.147465437788019,7.526881720430108
Qwen-7B,gold_margin_only,1302,0.20353302611367127,104,3,101,7.757296466973886,0.9719626168224299,6.451612903225806,9.216589861751151
Qwen-7B,random_same_gold_coverage,1302,0.1251920122887865,16,30,-14,-1.075268817204301,0.34782608695652173,-2.0737327188940093,-0.07680491551459294
Qwen-14B,gold_fscr,1302,0.12980030721966207,68,5,63,4.838709677419355,0.9315068493150684,3.6098310291858677,6.1443932411674345
Qwen-14B,source_surface_fscr,1302,0.10445468509984639,56,7,49,3.763440860215054,0.8888888888888888,2.61136712749616,4.99231950844854
Qwen-14B,predicted_fscr,1302,0.24423963133640553,65,13,52,3.9938556067588324,0.8333333333333334,2.6881720430107525,5.376344086021505
Qwen-14B,gold_lower_leak,1302,0.4116743471582181,122,18,104,7.987711213517665,0.8714285714285714,6.298003072196621,9.831029185867896
Qwen-14B,gold_distill_high_only,1302,0.3955453149001536,116,43,73,5.606758832565284,0.7295597484276729,3.763440860215054,7.526881720430108
Qwen-14B,gold_margin_only,1302,0.23195084485407066,94,8,86,6.605222734254992,0.9215686274509803,5.145929339477727,8.218125960061444
Qwen-14B,random_same_gold_coverage,1302,0.12980030721966207,17,20,-3,-0.2304147465437788,0.4594594594594595,-1.075268817204301,0.6912442396313364
Llama-8B,gold_fscr,1302,0.0944700460829493,61,1,60,4.608294930875576,0.9838709677419355,3.3794162826420893,5.76036866359447
Llama-8B,source_surface_fscr,1302,0.10368663594470046,48,2,46,3.533026113671275,0.96,2.5345622119815667,4.608294930875576
Llama-8B,predicted_fscr,1302,0.15745007680491552,59,12,47,3.6098310291858677,0.8309859154929577,2.304147465437788,4.838709677419355
Llama-8B,gold_lower_leak,1302,0.2872503840245776,104,17,87,6.682027649769585,0.859504132231405,5.0691244239631335,8.218125960061444
Llama-8B,gold_distill_high_only,1302,0.6144393241167435,116,56,60,4.608294930875576,0.6744186046511628,2.61136712749616,6.605222734254992
Llama-8B,gold_margin_only,1302,0.15207373271889402,88,2,86,6.605222734254992,0.9777777777777777,5.22273425499232,7.987711213517665
Llama-8B,random_same_gold_coverage,1302,0.0944700460829493,16,25,-9,-0.6912442396313364,0.3902439024390244,-1.6897081413210446,0.2304147465437788
